Data,H,|I|,|F|,Out_Acc,In_Acc,Sol_Time,MIP_Gap,Obj_Val,Obj_Bound,Model,HP_Time,HP_Obj,HP_Rank,FP_CB_Time,FP_Num_CB,FP_Cuts,FP_Cuts_per_CB,VIS_CB_Time,VIS_Num_CB,VIS_Cuts,Eps,Time_Limit,Rand_State,Warm_Start,Regularization,Max_Features
soybean-small,4,35,72,1.0,0.9714285714285714,0.326617956161499,0.0,35.0,35.0,CUT1,0.3338897919999999,quadratic,1,0,0,0,0,0.2798270409999999,2,0,0,600,138,False,None,None
soybean-small,4,35,72,0.4166666666666667,0.6857142857142857,0.35773301124572754,0.0,35.0,35.0,CUT1,0.40677204200000006,quadratic,1,0,0,0,0,0.3182267080000001,2,0,0,600,15,False,None,None
soybean-small,4,35,72,1.0,0.9714285714285714,0.32013487815856934,0.0,35.0,35.0,CUT1,0.33316337500000004,quadratic,1,0,0,0,0,0.2881550420000001,2,0,0,600,138,False,None,None
soybean-small,4,35,72,0.4166666666666667,0.6857142857142857,0.3546721935272217,0.0,35.0,35.0,CUT1,0.39947558400000016,quadratic,1,0,0,0,0,0.31733066700000023,2,0,0,600,15,False,None,None
