Data,H,|I|,|F|,Out_Acc,In_Acc,Sol_Time,MIP_Gap,Obj_Val,Obj_Bound,Model,HP_Time,HP_size,HP_Obj,HP_Rank,FP_CB_Time,FP_Num_CB,FP_Cuts,FP_Cuts_per_CB,VIS_CB_Time,VIS_Num_CB,VIS_Cuts,Eps,Time_Limit,Rand_State,Warm_Start,Regularization,Max_Features
soybean-small,2,35,72,0.9166666666666666,0.9142857142857143,0.2536790370941162,0.0,35.0,35.0,CUT1,0.2703645830000001,3.6666666666666665,quadratic,36,0,0,0,0,0.2455096670000001,2,0,0,600,138,False,None,None
soybean-small,2,35,72,0.9166666666666666,0.9142857142857143,0.2584090232849121,0.0,35.0,35.0,CUT1,0.28055129199999973,5.333333333333333,quadratic,36,0,0,0,0,0.25207512499999996,2,0,0,600,15,False,None,None
soybean-small,2,35,72,0.9166666666666666,0.9142857142857143,0.25108790397644043,0.0,35.0,35.0,CUT1,0.2696862500000001,3.6666666666666665,quadratic,36,0,0,0,0,0.24309508300000005,2,0,0,600,138,False,None,None
soybean-small,2,35,72,0.9166666666666666,0.9142857142857143,0.2545030117034912,0.0,35.0,35.0,CUT1,0.2892514580000003,5.333333333333333,quadratic,36,0,0,0,0,0.2482518760000001,2,0,0,600,15,False,None,None
house-votes-84,2,326,48,0.9357798165137615,0.9478527607361963,12.263746976852417,0.0,326.0,326.0,CUT1,12.347912708,1.0,quadratic,24,0,0,0,0,12.218282582999997,2,0,0,600,138,False,None,None
house-votes-84,2,326,48,0.963302752293578,0.9386503067484663,12.182950973510742,0.0,326.0,326.0,CUT1,11.697399000000004,1.0,quadratic,24,0,0,0,0,12.139240707999996,2,0,0,600,15,False,None,None
