Data,H,|I|,Out_Acc,In_Acc,Sol_Time,MIP_Gap,Obj_Val,Obj_Bound,Model,HP_Time,HP_Obj,HP_Rank,FP_CB_Time,FP_Num_CB,FP_Cuts,FP_Cuts_per_CB,VIS_CB_Time,VIS_Num_CB,VIS_Cuts,Eps,Time_Limit,Rand_State,Warm_Start,Regularization,Max_Features
soybean-small,4,35,1.0,0.9714285714285714,0.43884778022766113,0.0,35.0,35.0,CUT1,0.4719809517264366,linear,|F|-1,0,0,0,0,0.4038636963814497,2,0,0,600,138,False,None,None
soybean-small,4,35,0.25,0.6285714285714286,0.4944438934326172,0.0,35.0,35.0,CUT1,0.5777233373373747,linear,|F|-1,0,0,0,0,0.4589118752628565,2,0,0,600,15,False,None,None
soybean-small,4,35,1.0,0.9714285714285714,0.4208528995513916,0.0,35.0,35.0,CUT1,0.47108407877385616,linear,0.9,0,0,0,0,0.38855802826583385,2,0,0,600,138,False,None,None
soybean-small,4,35,0.25,0.6285714285714286,0.4977271556854248,0.0,35.0,35.0,CUT1,0.5813814122229815,linear,0.9,0,0,0,0,0.46223009563982487,2,0,0,600,15,False,None,None
soybean-small,4,35,1.0,0.9714285714285714,0.42183899879455566,0.0,35.0,35.0,CUT1,0.47277557104825974,linear,0.75,0,0,0,0,0.3895492684096098,2,0,0,600,138,False,None,None
